id,data
1,\x08e9071215082a1211616c696365406578616d706c652e636f6d1a0d0a06736b752d3939100218cf0f1a0e0a07736b752d313030100118e707221f0a074d61696e205374120d4d6f756e7461696e20566965771a0539343034332a0c0a087072696f726974791001
2,\x08ea071215082a1211616c696365406578616d706c652e636f6d1a0d0a06736b752d3939100218cf0f1a0e0a07736b752d313030100118e707221f0a074d61696e205374120d4d6f756e7461696e20566965771a0539343034332a0c0a087072696f726974791001
3,\x08eb071215082a1211616c696365406578616d706c652e636f6d1a0d0a06736b752d3939100218cf0f1a0e0a07736b752d313030100118e707221f0a074d61696e205374120d4d6f756e7461696e20566965771a0539343034332a0c0a087072696f726974791001
4,\x08ec071215082a1211616c696365406578616d706c652e636f6d1a0d0a06736b752d3939100218cf0f1a0e0a07736b752d313030100118e707221f0a074d61696e205374120d4d6f756e7461696e20566965771a0539343034332a0c0a087072696f726974791001
5,\x08ed071215082a1211616c696365406578616d706c652e636f6d1a0d0a06736b752d3939100218cf0f1a0e0a07736b752d313030100118e707221f0a074d61696e205374120d4d6f756e7461696e20566965771a0539343034332a0c0a087072696f726974791001
6,\x08ee071215082a1211616c696365406578616d706c652e636f6d1a0d0a06736b752d3939100218cf0f1a0e0a07736b752d313030100118e707221f0a074d61696e205374120d4d6f756e7461696e20566965771a0539343034332a0c0a087072696f726974791001
7,\x08ef071215082a1211616c696365406578616d706c652e636f6d1a0d0a06736b752d3939100218cf0f1a0e0a07736b752d313030100118e707221f0a074d61696e205374120d4d6f756e7461696e20566965771a0539343034332a0c0a087072696f726974791001
8,\x08f0071215082a1211616c696365406578616d706c652e636f6d1a0d0a06736b752d3939100218cf0f1a0e0a07736b752d313030100118e707221f0a074d61696e205374120d4d6f756e7461696e20566965771a0539343034332a0c0a087072696f726974791001
9,\x08f1071215082a1211616c696365406578616d706c652e636f6d1a0d0a06736b752d3939100218cf0f1a0e0a07736b752d313030100118e707221f0a074d61696e205374120d4d6f756e7461696e20566965771a0539343034332a0c0a087072696f726974791001
10,\x08f2071215082a1211616c696365406578616d706c652e636f6d1a0d0a06736b752d3939100218cf0f1a0e0a07736b752d313030100118e707221f0a074d61696e205374120d4d6f756e7461696e20566965771a0539343034332a0c0a087072696f726974791001
